{
  "episodes": 8,
  "episode_rewards": [
    4.343290528185928,
    3.7645508550035967,
    3.823182488084197,
    4.148876532873891,
    3.6582805397045455,
    3.8763026346173715,
    4.386821817219766,
    4.000289464406014
  ],
  "episode_portfolio_values": [
    11035.939959813186,
    7666.754784279692,
    7704.296052468514,
    10564.456589513054,
    6720.691639394576,
    7958.4769152276,
    13823.846806097234,
    8612.80278523557
  ],
  "episode_lengths": [
    783,
    783,
    783,
    783,
    783,
    783,
    783,
    783
  ],
  "episode_times": [
    1756006930.784694,
    1756006964.3073874,
    1756006997.0151227,
    1756007030.1040075,
    1756007062.6331027,
    1756007095.0681872,
    1756007127.6330605,
    1756007160.9274297
  ],
  "total_training_time": 258.2284712791443,
  "final_stats": {
    "progress_pct": 0.8,
    "current_episode": 8,
    "total_episodes": 1000,
    "current_step": 279,
    "current_reward": 1.4929861768040709,
    "current_portfolio": 9551.522622413106,
    "current_epsilon": 0.16359445452690125,
    "current_loss": 0.0,
    "steps_per_second": 1.5888317783720587e-07,
    "episode_actions": {
      "SELL": 140,
      "HOLD": 17,
      "BUY": 122
    },
    "avg_recent_reward": 4.000199357511914,
    "avg_recent_portfolio": 9260.908191503679,
    "avg_recent_loss": 0.0,
    "total_time": 258.2284712791443,
    "eta_seconds": 1741958989690.651,
    "episodes_per_minute": 3.4168427817333384e-08
  }
}