{
  "episodes": 22,
  "episode_rewards": [
    4.322926520925245,
    3.9610219607895,
    4.113460851167838,
    4.2762617610438785,
    4.199921666276999,
    3.953298071901605,
    3.8146921143392167,
    4.138871010976431,
    3.7611492137544555,
    4.20245015681795,
    4.112879354418555,
    3.751192117330844,
    3.7603911049030807,
    4.593943615857848,
    4.206013757279191,
    3.729025014217757,
    3.903369386469619,
    3.8642954927411473,
    3.879942161557923,
    3.7810809688989306,
    3.558927164682247,
    3.6516759119337587
  ],
  "episode_portfolio_values": [
    10286.417050940112,
    7886.023641773407,
    8656.696681602827,
    11361.36212586515,
    10660.35176767713,
    8014.292191457109,
    7895.009497793294,
    10145.552658342212,
    7093.348199359045,
    10350.237424398656,
    7935.204458662891,
    7516.416142146745,
    8008.337557452398,
    13704.71614951966,
    10792.042044769987,
    7227.644162608474,
    8530.544271920011,
    7800.721316696755,
    8459.209304475196,
    7658.614882874793,
    5795.177459848667,
    7143.277358648697
  ],
  "episode_lengths": [
    783,
    783,
    783,
    783,
    783,
    783,
    783,
    783,
    783,
    783,
    783,
    783,
    783,
    783,
    783,
    783,
    783,
    783,
    783,
    783,
    783,
    783
  ],
  "episode_times": [
    1756013109.7137084,
    1756013153.7299523,
    1756013201.6768503,
    1756013249.328561,
    1756013297.5827477,
    1756013344.5005426,
    1756013395.9160528,
    1756013463.2665787,
    1756013527.8020346,
    1756013580.427117,
    1756013629.6384735,
    1756013678.9615793,
    1756013738.6654155,
    1756013803.3777163,
    1756013849.9804661,
    1756013889.9967914,
    1756013929.0304997,
    1756013968.0239804,
    1756014007.2945502,
    1756014045.8147974,
    1756014086.4512606,
    1756014129.552585
  ],
  "total_training_time": 1080.833396911621,
  "final_stats": {
    "progress_pct": 2.1999999999999997,
    "current_episode": 22,
    "total_episodes": 1000,
    "current_step": 643,
    "current_reward": 3.0968152055501634,
    "current_portfolio": 7697.240509147921,
    "current_epsilon": 0.005472985096275806,
    "current_loss": 0.00662183715030551,
    "steps_per_second": 3.6617016598031874e-07,
    "episode_actions": {
      "SELL": 290,
      "HOLD": 62,
      "BUY": 291
    },
    "avg_recent_reward": 3.89286645785415,
    "avg_recent_portfolio": 8512.028450881464,
    "avg_recent_loss": 0.004298564799246379,
    "total_time": 1080.833396911621,
    "eta_seconds": 1717381638032.7927,
    "episodes_per_minute": 3.416829358162704e-08
  }
}