{
  "episodes": 6,
  "episode_rewards": [
    4.033802474198778,
    3.9468544659850666,
    3.7303439396371507,
    3.9304649070135085,
    3.9151391888125042,
    3.8702683596368903
  ],
  "episode_portfolio_values": [
    7894.95376890568,
    8664.786608963015,
    7022.9108015609945,
    7862.4492008427,
    8378.551015243876,
    7044.650960463745
  ],
  "episode_lengths": [
    783,
    783,
    783,
    783,
    783,
    783
  ],
  "episode_times": [
    1756012805.8349824,
    1756012846.2698934,
    1756012888.594954,
    1756012932.7589,
    1756012989.1331131,
    1756013051.9241314
  ],
  "total_training_time": 278.2570343017578,
  "final_stats": {
    "progress_pct": 0.6,
    "current_episode": 6,
    "total_episodes": 1000,
    "current_step": 210,
    "current_reward": 1.4107714865242162,
    "current_portfolio": 13755.328880334662,
    "current_epsilon": 0.267223060131073,
    "current_loss": 0.11088287830352783,
    "steps_per_second": 1.1958908745575682e-07,
    "episode_actions": {
      "SELL": 85,
      "HOLD": 23,
      "BUY": 102
    },
    "avg_recent_reward": 3.9044788892139835,
    "avg_recent_portfolio": 7811.3837259966685,
    "avg_recent_loss": 0.12318512864410877,
    "total_time": 278.2570343017578,
    "eta_seconds": 1745476841571.4797,
    "episodes_per_minute": 3.416831354021586e-08
  }
}