{
  "episodes": 7,
  "episode_rewards": [
    3.933502003160408,
    3.871470839006541,
    3.6241475113401638,
    4.334152421396561,
    3.8708278799662437,
    4.195478493382869,
    3.880956160277011
  ],
  "episode_portfolio_values": [
    7647.637437693091,
    8376.039192115879,
    6670.649226652853,
    11841.365082105538,
    7526.829772209945,
    10933.444212131264,
    8407.630437299304
  ],
  "episode_lengths": [
    783,
    783,
    783,
    783,
    783,
    783,
    783
  ],
  "episode_times": [
    1756009124.8191018,
    1756009159.3472857,
    1756009194.2666614,
    1756009231.5495145,
    1756009275.8188474,
    1756009323.4962502,
    1756009361.870817
  ],
  "total_training_time": 281.5502097606659,
  "final_stats": {
    "progress_pct": 0.7000000000000001,
    "current_episode": 7,
    "total_episodes": 1000,
    "current_step": 555,
    "current_reward": 2.6047255937220477,
    "current_portfolio": 7774.393838744627,
    "current_epsilon": 0.19051773846149445,
    "current_loss": 0.0,
    "steps_per_second": 3.160575355791443e-07,
    "episode_actions": {
      "SELL": 244,
      "HOLD": 52,
      "BUY": 259
    },
    "avg_recent_reward": 3.958647901218542,
    "avg_recent_portfolio": 8771.942194315412,
    "avg_recent_loss": 0.0,
    "total_time": 281.5502097606659,
    "eta_seconds": 1743717174067.1855,
    "episodes_per_minute": 3.416838515218086e-08
  }
}