{
  "episodes": 180,
  "episode_rewards": [
    -0.10877781710293433,
    0.9716578409147002,
    -0.7119519389572164,
    0.1553244331905746,
    0.6689891861453213,
    0.938233575427759,
    0.25066286978484575,
    -0.633544938364123,
    -0.17354975971250697,
    1.3313116060490964,
    1.4798678722871659,
    1.5907896763805198,
    2.468409102559422,
    0.7804915991071346,
    0.0035676113399042697,
    1.0984127252166016,
    1.2046521123778673,
    -0.4666867520421179,
    1.4645553556945987,
    0.6784310984483259,
    0.9658187038446833,
    0.4404361906429264,
    1.0886035069898097,
    1.288778614423018,
    1.9269484533573755,
    0.6248388854937503,
    1.7174342518547756,
    1.391533211528987,
    1.3286754379520649,
    0.23501905957549352,
    -0.15530366453445513,
    0.058300420791807556,
    0.8976518028208716,
    -0.2708915450538095,
    0.4971662837576634,
    0.8594207155581653,
    1.831764986243926,
    1.7718455901930439,
    0.7798960006593271,
    0.11409091859181326,
    0.6376108940970956,
    1.2680221929179627,
    -0.241216578203038,
    0.6169157930697422,
    2.2129720616543067,
    0.7902549936219696,
    0.6381703012597928,
    1.3785607960673256,
    0.3626986343314211,
    1.727636343754747,
    1.3888523488918276,
    -0.09618988467240308,
    0.76172096742165,
    0.980719465689511,
    0.38022484772320075,
    0.33569812578749564,
    -1.3517609188923942,
    0.6339003643050315,
    -0.4882849952886195,
    0.7409024849976924,
    1.6655172172581643,
    0.6221311520295968,
    0.7252923816204829,
    -0.6420198116761607,
    -0.49430915612858717,
    0.6793206730549963,
    0.008763300436217314,
    0.8740465653757659,
    0.9408982252289277,
    0.7368905643057674,
    -0.7150091591973117,
    0.7420029541670533,
    1.3732088449092534,
    0.061405989530843585,
    1.7071714433272016,
    0.35449226403621026,
    0.17083705588096817,
    -0.24035454447834875,
    0.6982247357913507,
    -0.5243394379268997,
    0.5205308100618063,
    -1.0419888197983038,
    0.7200811249182586,
    1.2697720952880918,
    1.1755645855193453,
    1.90647956382458,
    0.8360547896899043,
    0.09407346012330493,
    1.054289810399042,
    1.2645868496078694,
    0.9296751453283635,
    0.6375476362955476,
    0.5535106630638484,
    0.7414996253601285,
    0.020901194388907945,
    0.3153610239507613,
    0.5753872620067774,
    0.793578875140535,
    0.9857320379527128,
    1.3078589314471496,
    -0.430417507546614,
    -0.023607902994465635,
    0.23287008257314012,
    1.2986200490940254,
    0.31215141055247,
    1.8815134510033493,
    0.5381803534272239,
    -0.10916031515313718,
    0.9911727766955695,
    1.812630731484547,
    -0.33872550381214045,
    0.2873950255721482,
    0.49707239750788174,
    0.9664770385508759,
    -0.7759701835147066,
    1.938944247117438,
    -0.8504212038546093,
    -0.7219976391249631,
    1.1900543045449858,
    1.9549674805175874,
    0.3352038038409839,
    0.10589226446308372,
    1.0334786152512445,
    0.36762389866442713,
    1.0079956884847467,
    2.530704916978807,
    0.8258106768374597,
    0.06430908743090055,
    2.168998785504852,
    2.256809660967238,
    1.3568913540074348,
    1.2157373751955405,
    0.05910850528860348,
    0.8218227547851125,
    1.2507090054769052,
    1.2325149593800147,
    0.16535169447446088,
    1.4448220607672788,
    0.5252167080099249,
    -0.1321593171819864,
    0.40474067324966984,
    0.4539558231760124,
    0.8639735647249468,
    0.0006434859405677201,
    1.1984200711332782,
    0.004499359827936301,
    0.7364652931035677,
    1.675881619118756,
    1.3245196654682054,
    0.6905903566104155,
    1.5944901163144378,
    -1.1092390285084524,
    0.4057277701146837,
    -0.19244184174838513,
    0.6903431233914381,
    -0.12268818345030874,
    -0.6479187935182875,
    -0.4079109950995112,
    0.23116994307846192,
    0.8013252477626557,
    0.8894868492784954,
    1.0694822967103308,
    1.8297467893888297,
    1.3319144320895175,
    1.0514818256068479,
    1.7355626153468464,
    0.2673220819257754,
    1.1776192006596276,
    0.8908485576719961,
    1.4278014486685193,
    -0.3625631437096271,
    0.059338561927320684,
    0.49721678391210244,
    0.07639926318278441,
    0.913419763198698,
    -0.0105403025769293,
    0.30036570514039385,
    2.3034039038976153,
    0.4239846413834043,
    0.5301407749273697
  ],