{
  "episodes": 13,
  "episode_rewards": [
    3.887443943547325,
    3.91064387545635,
    4.13157762712978,
    3.741295858623291,
    3.896307247674621,
    4.0523574662427535,
    3.852090837372628,
    3.9942427204683413,
    4.165878954447979,
    3.884827593574004,
    4.171801739679199,
    3.9883818768335986,
    4.240757917566897
  ],
  "episode_portfolio_values": [
    5279.148239548925,
    8443.716601524095,
    9474.589249691911,
    6495.395916339055,
    8409.043094160063,
    9835.218031754392,
    8273.680951491371,
    8768.444810714693,
    11640.510690995081,
    8243.419828608212,
    11079.498128562087,
    8734.72766962743,
    11208.460416204212
  ],
  "episode_lengths": [
    783,
    783,
    783,
    783,
    783,
    783,
    783,
    783,
    783,
    783,
    783,
    783,
    783
  ],
  "episode_times": [
    1756000254.907949,
    1756000284.880634,
    1756000315.5759857,
    1756000348.3983014,
    1756000389.0206935,
    1756000426.9299538,
    1756000466.0412228,
    1756000506.0652287,
    1756000544.8759224,
    1756000585.5046463,
    1756000624.6205614,
    1756000663.322446,
    1756000704.0799713
  ],
  "total_training_time": 497.1384906768799,
  "final_stats": {
    "progress_pct": 1.3,
    "current_episode": 13,
    "total_episodes": 1000,
    "current_step": 668,
    "current_reward": 3.5630498668530532,
    "current_portfolio": 9136.397959813396,
    "current_epsilon": 0.044986333698034286,
    "current_loss": 0.0,
    "steps_per_second": 3.804098623909351e-07,
    "episode_actions": {
      "SELL": 303,
      "HOLD": 56,
      "BUY": 309
    },
    "avg_recent_reward": 3.998794221248331,
    "avg_recent_portfolio": 9268.83995384566,
    "avg_recent_loss": 0.0,
    "total_time": 497.1384906768799,
    "eta_seconds": 1733172519049.3782,
    "episodes_per_minute": 3.416855468749376e-08
  }
}