{
  "episodes": 10,
  "episode_rewards": [
    4.1175361094001675,
    4.011050430886247,
    3.772296413554382,
    3.9907781095123758,
    3.9759896954749956,
    4.077897610383186,
    3.7489296139368955,
    4.057208330667097,
    4.049495933394508,
    3.979884955417484
  ],
  "episode_portfolio_values": [
    6653.1513465536555,
    9376.146756356447,
    7865.5882341190845,
    8516.623082337192,
    9157.647027858375,
    9930.800027802465,
    7201.672504293297,
    9623.769802479499,
    7856.269047402306,
    8003.026907156842
  ],
  "episode_lengths": [
    783,
    783,
    783,
    783,
    783,
    783,
    783,
    783,
    783,
    783
  ],
  "episode_times": [
    1756010906.0861883,
    1756010942.3415694,
    1756010978.404247,
    1756011015.4420938,
    1756011052.2564905,
    1756011089.1785674,
    1756011125.4735165,
    1756011166.355455,
    1756011212.8906062,
    1756011258.5073154
  ],
  "total_training_time": 373.52265191078186,
  "final_stats": {
    "progress_pct": 1.0,
    "current_episode": 10,
    "total_episodes": 1000,
    "current_step": 53,
    "current_reward": 0.19971170931137805,
    "current_portfolio": 9221.532051194965,
    "current_epsilon": 0.10947816073894501,
    "current_loss": 0.0836101546883583,
    "steps_per_second": 3.018203878204384e-08,
    "episode_actions": {
      "SELL": 27,
      "HOLD": 4,
      "BUY": 22
    },
    "avg_recent_reward": 3.9781067202627334,
    "avg_recent_portfolio": 8418.469473635918,
    "avg_recent_loss": 0.05383010540157557,
    "total_time": 373.52265191078186,
    "eta_seconds": 1738450963946.669,
    "episodes_per_minute": 3.41683494282455e-08
  }
}