{
  "episodes": 39,
  "episode_rewards": [
    4.561870999790808,
    3.8851493651376545,
    3.4796318313809573,
    4.067703211344997,
    3.7979843704531717,
    3.6325321958262036,
    4.207518367522223,
    3.85188318899241,
    3.8396023989693893,
    4.257577699661524,
    3.894741171558471,
    3.8779211898042805,
    3.7471063912563523,
    3.7583862911977866,
    4.13113548358732,
    4.304269867858337,
    3.921110890431198,
    3.841869346592951,
    4.003609279827638,
    3.7978390915114315,
    3.9067917349851666,
    4.009969927657718,
    3.751523070772521,
    4.044090163222312,
    4.206561285946194,
    4.161184411718417,
    3.7093275057805033,
    3.9063568688638015,
    3.915725308304596,
    3.391724911763187,
    3.7448328407972995,
    4.038175992150454,
    3.889310042512424,
    3.959051215693561,
    4.155582133550073,
    3.7481128749732986,
    3.96682643028369,
    3.8088645306542603,
    3.9105013169629004
  ],
  "episode_portfolio_values": [
    10087.13293150804,
    8610.113094663262,
    4798.529187832895,
    9452.080723481304,
    7326.58877491223,
    6685.053220835313,
    10213.563624394268,
    7344.301500838224,
    7607.107659394731,
    11434.559325057407,
    8175.625354618746,
    8521.922130793922,
    7077.028927565475,
    6737.55314575462,
    11698.121841790919,
    11007.859419604922,
    7717.503964752247,
    9150.914421053712,
    8713.441416690379,
    7821.097775186412,
    8195.410970508801,
    9389.210722422991,
    8015.191243429405,
    8386.776706741184,
    11969.203869514904,
    10922.38332894964,
    6924.455592978894,
    7884.439383916245,
    8534.847023874177,
    4903.704469136024,
    7425.967336254715,
    9714.122480838401,
    7079.715682569844,
    8996.453772977005,
    11524.034759468504,
    7050.434699289795,
    8545.569359624302,
    6934.660379376786,
    8766.046318096165
  ],
  "episode_lengths": [
    783,
    783,
    783,
    783,
    783,
    783,
    783,
    783,
    783,
    783,
    783,
    783,
    783,
    783,
    783,
    783,
    783,
    783,
    783,
    783,
    783,
    783,
    783,
    783,
    783,
    783,
    783,
    783,
    783,
    783,
    783,
    783,
    783,
    783,
    783,
    783,
    783,
    783,
    783
  ],
  "episode_times": [
    1756009430.5124922,
    1756009467.0203438,
    1756009503.4959066,
    1756009540.0803003,
    1756009576.218684,
    1756009612.0566342,
    1756009648.1565955,
    1756009685.2567961,
    1756009721.825707,
    1756009758.0706036,
    1756009794.9750936,
    1756009832.3174453,
    1756009869.4786181,
    1756009906.3223698,
    1756009943.428612,
    1756009980.0218794,
    1756010016.075093,
    1756010052.237323,
    1756010088.4738722,
    1756010125.306985,
    1756010162.062346,
    1756010199.7130136,
    1756010235.8865323,
    1756010271.69645,
    1756010307.456748,
    1756010343.5394747,
    1756010380.3059561,
    1756010416.4557989,
    1756010452.8749452,
    1756010488.980728,
    1756010524.9767127,
    1756010562.0919666,
    1756010598.8254275,
    1756010636.145988,
    1756010676.8044393,
    1756010721.4249194,
    1756010760.1416705,
    1756010798.257301,
    1756010836.461795
  ],
  "total_training_time": 1456.051751613617,
  "final_stats": {
    "progress_pct": 3.9,
    "current_episode": 39,
    "total_episodes": 1000,
    "current_step": 638,
    "current_reward": 3.2068333369632516,
    "current_portfolio": 8624.956034947709,
    "current_epsilon": 0.00010150919842999429,
    "current_loss": 0.00020710316312033683,
    "steps_per_second": 3.6332349157284405e-07,
    "episode_actions": {
      "SELL": 282,
      "HOLD": 52,
      "BUY": 304
    },
    "avg_recent_reward": 3.861298228934115,
    "avg_recent_portfolio": 8094.070925763155,
    "avg_recent_loss": 0.0015592133851896506,
    "total_time": 1456.051751613617,
    "eta_seconds": 1687526244655.062,
    "episodes_per_minute": 3.4168357489329574e-08
  }
}