{
  "episodes": 1,
  "episode_rewards": [
    4.5009784972325475
  ],
  "episode_portfolio_values": [
    10091.218514598439
  ],
  "episode_lengths": [
    783
  ],
  "episode_times": [
    1756011634.0672834
  ],
  "total_training_time": 40.956859827041626,
  "final_stats": {
    "progress_pct": 0.1,
    "current_episode": 1,
    "total_episodes": 1000,
    "current_step": 546,
    "current_reward": 2.947222093938222,
    "current_portfolio": 10594.427030753168,
    "current_epsilon": 0.7823097705841064,
    "current_loss": 0.10219964385032654,
    "steps_per_second": 3.1093187643673264e-07,
    "episode_actions": {
      "SELL": 257,
      "HOLD": 48,
      "BUY": 241
    },
    "avg_recent_reward": 4.5009784972325475,
    "avg_recent_portfolio": 10091.218514598439,
    "avg_recent_loss": 0.09874538406729698,
    "total_time": 40.956859827041626,
    "eta_seconds": 1754255622433.216,
    "episodes_per_minute": 3.4168338543992266e-08
  }
}