{
  "episodes": 35,
  "episode_rewards": [
    3.6795654136439992,
    4.096013802821315,
    3.8287623457614113,
    4.02563024077777,
    4.127935055178915,
    4.0834411796736045,
    4.049918900271152,
    3.850655352597085,
    3.7382008906641007,
    4.137789199813861,
    3.6312740378454307,
    4.001238068705311,
    3.8829716560612266,
    3.2380644582601272,
    3.8360198161014094,
    3.559719286592692,
    4.2485541210166025,
    3.884461922322551,
    3.800982064846595,
    3.8792032715170053,
    3.9665752517935275,
    3.8853125451130404,
    4.105312437831603,
    3.9890513581665945,
    3.975042790519396,
    4.111951177917529,
    3.900301284400758,
    3.581452661217401,
    3.773044591836883,
    3.93103753499951,
    4.0068511906657545,
    4.0255636977173825,
    3.7894470234024102,
    4.105616525984988,
    3.806598184884667
  ],
  "episode_portfolio_values": [
    6608.316269912218,
    9905.962101049625,
    7328.71696616156,
    8772.893670202639,
    10650.050109312444,
    9630.216772669979,
    8906.213141607413,
    6769.677297561345,
    7904.647244530709,
    8931.525725582116,
    6565.391817423137,
    8876.936799335408,
    7412.0585398895855,
    4311.4907611840945,
    7806.4053765485405,
    5912.260163880588,
    11611.48138164178,
    8381.520044804747,
    8061.263218289672,
    8027.4238024016395,
    9381.145654075142,
    8845.159028125665,
    10338.626602959,
    8615.372650530653,
    8338.437263935344,
    10339.806882796544,
    8430.474964605191,
    7397.6998046670715,
    6316.604022264748,
    7721.959208354845,
    8352.261965454749,
    8581.578412048673,
    6507.852954021138,
    9604.61104348578,
    6686.132636304034
  ],
  "episode_lengths": [
    783,
    783,
    783,
    783,
    783,
    783,
    783,
    783,
    783,
    783,
    783,
    783,
    783,
    783,
    783,
    783,
    783,
    783,
    783,
    783,
    783,
    783,
    783,
    783,
    783,
    783,
    783,
    783,
    783,
    783,
    783,
    783,
    783,
    783,
    783
  ],
  "episode_times": [
    1756007705.3708467,
    1756007738.4018855,
    1756007773.6968832,
    1756007808.254467,
    1756007842.9285462,
    1756007878.519544,
    1756007913.1624582,
    1756007947.633034,
    1756007983.4903429,
    1756008030.5879645,
    1756008069.6736782,
    1756008105.181138,
    1756008141.49308,
    1756008190.545238,
    1756008232.46012,
    1756008270.9037738,
    1756008308.1948316,
    1756008345.6656733,
    1756008384.999398,
    1756008428.8682466,
    1756008468.3690393,
    1756008511.6794167,
    1756008553.208533,
    1756008592.5601747,
    1756008627.290287,
    1756008661.0963387,
    1756008696.2833831,
    1756008731.8609257,
    1756008767.0287597,
    1756008803.3884294,
    1756008837.849224,
    1756008873.5482783,
    1756008912.7905436,
    1756008954.43945,
    1756008995.323586
  ],
  "total_training_time": 1309.6773791313171,
  "final_stats": {
    "progress_pct": 3.5000000000000004,
    "current_episode": 35,
    "total_episodes": 1000,
    "current_step": 65,
    "current_reward": 0.475605376242031,
    "current_portfolio": 11058.661190318646,
    "current_epsilon": 0.00031303404830396175,
    "current_loss": 0.0,
    "steps_per_second": 3.70157556425371e-08,
    "episode_actions": {
      "SELL": 19,
      "HOLD": 5,
      "BUY": 41
    },
    "avg_recent_reward": 3.9031863873027275,
    "avg_recent_portfolio": 7993.898189400276,
    "avg_recent_loss": 0.0,
    "total_time": 1309.6773791313171,
    "eta_seconds": 1694548514543.2605,
    "episodes_per_minute": 3.416839323458736e-08
  }
}