{
  "episodes": 63,
  "episode_rewards": [
    5.576526341543281,
    5.960558825202558,
    5.843938293478794,
    6.193964633068386,
    6.3013818060424525,
    6.515192546007204,
    6.579703848417418,
    6.649909444013259,
    6.794821481219033,
    6.857275468434964,
    6.877923880063916,
    6.903076857986904,
    6.966281639330215,
    6.948743342038567,
    6.984124621279968,
    6.969863983095215,
    6.841458725866479,
    6.9598594028603635,
    6.956638267146193,
    6.932650661552162,
    6.98787582808972,
    6.9753418916646535,
    6.877901530450897,
    6.828214073020228,
    6.9511520311994115,
    6.798368270510422,
    6.616858255207357,
    6.903841651446956,
    6.785957686630769,
    6.835907286009299,
    6.858268204965488,
    6.868222908668429,
    6.91232446458911,
    6.915912178548576,
    6.7608973709846225,
    6.953263801559562,
    6.94260186731128,
    6.961250272810205,
    7.000383332305269,
    6.909204680496132,
    6.974188531667271,
    6.9153302731880295,
    6.9991691392296005,
    6.956065598014684,
    6.972431741105513,
    6.929047252273222,
    6.990091591962111,
    6.993827827742435,
    6.9863045123257805,
    7.006360683863098,
    6.960302257627478,
    6.966846132890727,
    6.985533776268958,
    6.98071785267034,
    6.97284451044921,
    6.978393450637832,
    6.98602903158055,
    6.951433187969823,
    6.987371606288317,
    6.9394411266533975,
    6.846477320178089,
    6.998708265632356,
    6.925764489961071
  ],
  "episode_portfolio_values": [
    9699.851988082173,
    9680.785628029818,
    9684.459979668416,
    9665.364486268805,
    9659.732742350978,
    9648.251334734116,
    9653.185900920142,
    9645.520217807525,
    9644.671777919419,
    9639.4069634919,
    9664.970589949658,
    9656.787400313386,
    9658.765186886614,
    9653.567156426248,
    9647.59599628641,
    9712.835952862606,
    9718.614490692471,
    9674.016880408773,
    9681.554750264426,
    9691.361513779388,
    9683.855079606392,
    9649.692404989048,
    9664.754585999632,
    9658.112582501542,
    9676.848239463456,
    9678.941036764303,
    9664.336347877621,
    9673.845127712264,
    9674.9677443244,
    9655.149978794596,
    9658.635426273373,
    9658.197941929871,
    9668.843135391631,
    9684.207069074691,
    9703.45167693136,
    9707.008064193415,
    9710.290310757657,
    9775.065059457842,
    9717.88173488287,
    9716.145741894465,
    9725.70992388772,
    9688.256932158794,
    9706.0891958094,
    9724.514342244702,
    9708.638435840816,
    9734.065427645322,
    9705.336527520609,
    9654.3828043291,
    9668.650213386565,
    9688.551566907528,
    9678.302104578148,
    9693.256135083164,
    9661.20088337738,
    9701.709851937669,
    9712.646798212474,
    9679.1847793357,
    9675.658054466541,
    9698.948428381755,
    9678.973322849402,
    9699.025437002063,
    9689.681701690122,
    9701.616848571688,
    9702.162331822296
  ],
  "episode_lengths": [
    783,
    783,
    783,
    783,
    783,
    783,
    783,
    783,
    783,
    783,
    783,
    783,
    783,
    783,
    783,
    783,
    783,
    783,
    783,
    783,
    783,
    783,
    783,
    783,
    783,
    783,
    783,
    783,
    783,
    783,
    783,
    783,
    783,
    783,
    783,
    783,
    783,
    783,
    783,
    783,
    783,
    783,
    783,
    783,
    783,
    783,
    783,
    783,
    783,
    783,
    783,
    783,
    783,
    783,
    783,
    783,
    783,
    783,
    783,
    783,
    783,
    783,
    783
  ],
  "episode_times": [
    6.362612724304199,
    7.901013135910034,
    8.748889684677124,
    8.306477785110474,
    7.922240257263184,
    8.20672607421875,
    8.654036045074463,
    8.070002555847168,
    8.909107208251953,
    8.639948606491089,
    8.659327507019043,
    8.71798062324524,
    8.409965753555298,
    8.023220539093018,
    7.714764356613159,
    7.844393730163574,
    7.998125076293945,
    7.744016885757446,
    7.715649843215942,
    7.737870454788208,
    7.8884289264678955,
    7.731586933135986,
    7.814028024673462,
    7.733717679977417,
    7.9751036167144775,
    7.859256029129028,
    7.962259292602539,
    8.064750909805298,
    8.270442485809326,
    7.970221042633057,
    7.890323877334595,
    7.930729627609253,
    7.834344148635864,
    8.302063226699829,
    8.597108364105225,
    8.600125551223755,
    8.759949207305908,
    8.936401844024658,
    8.536286354064941,
    7.994614124298096,
    8.040405511856079,
    7.318023443222046,
    8.129786968231201,
    7.930917263031006,
    7.939253091812134,
    7.927730083465576,
    7.908198595046997,
    7.779178857803345,
    7.8448166847229,
    7.931136846542358,
    7.963258981704712,
    7.768441438674927,
    7.527815818786621,
    7.709461450576782,
    7.753876447677612,
    7.830336809158325,
    7.9266064167022705,
    7.9059083461761475,
    7.926321744918823,
    7.904020309448242,
    7.8389365673065186,
    7.789330244064331,
    7.697023868560791
  ],
  "total_training_time": 518.9777796268463,
  "final_stats": {
    "progress_pct": 6.3,
    "current_episode": 63,
    "total_episodes": 1000,
    "current_step": 721,
    "current_reward": 6.416664023461705,
    "current_portfolio": 9730.335634766825,
    "current_epsilon": 0.00998645168764533,
    "current_loss": 3.6593066852219636e-06,
    "steps_per_second": 100.31620138666288,
    "episode_actions": {
      "HOLD": 5,
      "BUY": 373,
      "SELL": 343
    },
    "avg_recent_reward": 6.956718084202099,
    "avg_recent_portfolio": 9693.960755426971,
    "avg_recent_loss": 3.0474660192680858e-05,
    "total_time": 518.9777796268463,
    "eta_seconds": 7335.006740570068,
    "episodes_per_minute": 7.664614633418952
  }
}