{
  "episodes": 23,
  "episode_rewards": [
    4.160793837730794,
    3.836270202286981,
    3.9069716251472517,
    4.001449635205976,
    3.9915158706908733,
    4.164563535515327,
    3.5990890657622283,
    3.8094688532331715,
    3.7813833895082865,
    3.9545196300689742,
    3.727514159382759,
    3.6171117856261152,
    4.1234951495119345,
    4.0593895279546155,
    4.017900306139918,
    4.14858129148756,
    3.7217922739312916,
    4.015319078015337,
    3.3697613194105123,
    4.034105527184004,
    4.195331794971751,
    4.076950570871186,
    4.0602994659906075
  ],
  "episode_portfolio_values": [
    9254.459645955681,
    8766.370296745652,
    8435.697208553556,
    7996.471647240055,
    8089.67135652805,
    11272.59580271025,
    6474.366547523223,
    8164.096954497212,
    6615.5743763175105,
    9318.430646799568,
    6706.498539030058,
    5390.031314684145,
    9133.459277460723,
    8612.913430486009,
    10827.722724239846,
    10357.041285246632,
    7715.990989376843,
    9270.515803122114,
    4633.95485119311,
    8305.344817698257,
    10712.138772455204,
    9350.644771392108,
    10202.173994004244
  ],
  "episode_lengths": [
    783,
    783,
    783,
    783,
    783,
    783,
    783,
    783,
    783,
    783,
    783,
    783,
    783,
    783,
    783,
    783,
    783,
    783,
    783,
    783,
    783,
    783,
    783
  ],
  "episode_times": [
    1756011915.6329982,
    1756011948.6201994,
    1756011983.3393989,
    1756012018.087618,
    1756012053.0174184,
    1756012088.0956254,
    1756012123.8261433,
    1756012159.4617233,
    1756012194.9090865,
    1756012231.0015094,
    1756012266.2202668,
    1756012303.6423955,
    1756012340.823735,
    1756012379.5677886,
    1756012422.3983083,
    1756012466.3990188,
    1756012504.4329772,
    1756012543.9913726,
    1756012582.7360837,
    1756012622.5515726,
    1756012660.0713482,
    1756012696.3222666,
    1756012733.0982478
  ],
  "total_training_time": 866.9636914730072,
  "final_stats": {
    "progress_pct": 2.3,
    "current_episode": 23,
    "total_episodes": 1000,
    "current_step": 670,
    "current_reward": 3.45141006066677,
    "current_portfolio": 9525.303808678771,
    "current_epsilon": 0.004291563760489225,
    "current_loss": 0.01848779059946537,
    "steps_per_second": 3.8154620105253633e-07,
    "episode_actions": {
      "SELL": 304,
      "HOLD": 60,
      "BUY": 306
    },
    "avg_recent_reward": 3.969943115595678,
    "avg_recent_portfolio": 8998.844143921437,
    "avg_recent_loss": 0.0037202170304954053,
    "total_time": 866.9636914730072,
    "eta_seconds": 1715624272250.2898,
    "episodes_per_minute": 3.416832050476377e-08
  }
}