{
  "episodes": 7,
  "episode_rewards": [
    5.114971362713099,
    4.098751513369408,
    4.05037864277135,
    3.59736741998823,
    3.7851018379277064,
    4.206766135893188,
    3.7782463194573683
  ],
  "episode_portfolio_values": [
    11183.020048216418,
    8811.969455505943,
    9215.800426709795,
    6860.161011203918,
    6749.831955405733,
    10470.139688801513,
    5784.869791753543
  ],
  "episode_lengths": [
    783,
    783,
    783,
    783,
    783,
    783,
    783
  ],
  "episode_times": [
    1756006710.4437027,
    1756006741.957288,
    1756006773.5151904,
    1756006804.9218197,
    1756006833.968463,
    1756006862.8745303,
    1756006892.122247
  ],
  "total_training_time": 199.64203667640686,
  "final_stats": {
    "progress_pct": 0.7000000000000001,
    "current_episode": 7,
    "total_episodes": 1000,
    "current_step": 158,
    "current_reward": 0.7944025465719515,
    "current_portfolio": 9644.546248175957,
    "current_epsilon": 0.21431447565555573,
    "current_loss": 0.0,
    "steps_per_second": 8.997686750462969e-08,
    "episode_actions": {
      "SELL": 77,
      "HOLD": 17,
      "BUY": 64
    },
    "avg_recent_reward": 4.090226176017192,
    "avg_recent_portfolio": 8439.398911085267,
    "avg_recent_loss": 0.0,
    "total_time": 199.64203667640686,
    "eta_seconds": 1743714755209.2314,
    "episodes_per_minute": 3.416843255011104e-08
  }
}